"السؤال","الإجابة الصحيحة","خطأ ١","خطأ ٢","خطأ ٣","المستوى","العلم"
"أي منتخب فاز بكأس العالم ٢٠٢٢؟","الأرجنتين","فرنسا","البرازيل","كرواتيا","سهل",""
"في أي دولة أُقيمت كأس العالم ٢٠٢٢؟","قطر","السعودية","الإمارات","روسيا","سهل",""
"أي منتخب فاز بكأس العالم ٢٠١٨؟","فرنسا","كرواتيا","بلجيكا","إنجلترا","سهل",""
"أي منتخب يملك أكبر عدد من ألقاب كأس العالم حتى نسخة ٢٠٢٢؟","البرازيل","ألمانيا","إيطاليا","الأرجنتين","سهل",""
"أي دولة ستستضيف كأس العالم ٢٠٣٤؟","السعودية","قطر","الإمارات","مصر","سهل",""
"أي منتخب خسر نهائي كأس العالم ٢٠٢٢؟","فرنسا","كرواتيا","المغرب","البرازيل","سهل",""
"ما المنتخب العربي الذي بلغ نصف نهائي كأس العالم ٢٠٢٢؟","المغرب","تونس","السعودية","مصر","سهل",""
"من فاز بجائزة أفضل لاعب في كأس العالم ٢٠٢٢؟","ليونيل ميسي","كيليان مبابي","لوكا مودريتش","أشرف حكيمي","سهل",""
"في أي دولة أُقيمت كأس العالم ٢٠١٤؟","البرازيل","الأرجنتين","ألمانيا","جنوب أفريقيا","سهل",""
"أي منتخب فاز بكأس العالم ٢٠١٤؟","ألمانيا","الأرجنتين","هولندا","البرازيل","سهل",""
"أي منتخب فاز بكأس العالم ٢٠١٠؟","إسبانيا","هولندا","ألمانيا","إيطاليا","متوسط",""
"أين أُقيمت أول كأس عالم في قارة أفريقيا؟","جنوب أفريقيا","المغرب","مصر","نيجيريا","متوسط",""
"ما الدول الثلاث المستضيفة لكأس العالم ٢٠٢٦؟","أمريكا وكندا والمكسيك","أمريكا وكندا والبرازيل","المكسيك وكولومبيا وكندا","إسبانيا والبرتغال والمغرب","متوسط",""
"من هدّاف كأس العالم ٢٠٢٢؟","كيليان مبابي","ليونيل ميسي","جوليان ألفاريز","أوليفييه جيرو","متوسط",""
"بأي نتيجة فازت ألمانيا على البرازيل في نصف نهائي كأس العالم ٢٠١٤؟","٧–١","٥–١","٤–٠","٦–٢","متوسط",""
"من صاحب «هدف اليد» الشهير في كأس العالم ١٩٨٦؟","دييغو مارادونا","بيليه","زيكو","ميشيل بلاتيني","متوسط",""
"كم مرة فاز بيليه بكأس العالم لاعباً؟","ثلاث مرات","مرتين","أربع مرات","مرة واحدة","متوسط",""
"في أي عام أُقيمت أول بطولة لكأس العالم؟","١٩٣٠","١٩٢٠","١٩٣٤","١٩٥٠","متوسط",""
"كم منتخباً يشارك في كأس العالم ٢٠٢٦؟","٤٨ منتخباً","٣٢ منتخباً","٤٠ منتخباً","٦٤ منتخباً","متوسط",""
"من مدرب منتخب فرنسا المتوّج بكأس العالم ٢٠١٨؟","ديدييه ديشامب","زين الدين زيدان","لوران بلان","آرسين فينغر","متوسط",""
"من مدرب منتخب الأرجنتين المتوّج بكأس العالم ٢٠٢٢؟","ليونيل سكالوني","دييغو سيميوني","خورخي سامباولي","مارسيلو بييلسا","متوسط",""
"أي منتخب فاز بأول كأس عالم عام ١٩٣٠؟","الأوروغواي","الأرجنتين","البرازيل","إيطاليا","صعب",""
"من الهدّاف التاريخي لكأس العالم حتى نسخة ٢٠٢٢؟","ميروسلاف كلوزه","رونالدو نازاريو","ليونيل ميسي","غيرد مولر","صعب",""
"ما اسم كأس العالم الأولى التي استُبدلت بالكأس الحالية عام ١٩٧٤؟","كأس جول ريميه","كأس الأمم","كأس الفيفا الذهبية","كأس هنري ديلوناي","صعب",""
"من سجّل «هاتريك» في نهائي كأس العالم ١٩٦٦؟","جيف هيرست","بوبي تشارلتون","أوزيبيو","بيليه","صعب",""
"في نهائي أي نسخة طُرد زين الدين زيدان؟","٢٠٠٦","١٩٩٨","٢٠٠٢","٢٠١٠","صعب",""
"كم مرة فازت إيطاليا بكأس العالم حتى نسخة ٢٠٢٢؟","أربع مرات","ثلاث مرات","خمس مرات","مرتين","صعب",""
"أي نادٍ إنجليزي يُلقّب بـ«الشياطين الحمر»؟","مانشستر يونايتد","ليفربول","أرسنال","نوتنغهام فورست","سهل",""
"أي نادٍ إنجليزي يُلقّب بـ«المدفعجية»؟","أرسنال","تشيلسي","توتنهام","وست هام","سهل",""
"ما اسم ملعب نادي ليفربول؟","آنفيلد","أولد ترافورد","ستامفورد بريدج","الإمارات","سهل",""
"ما اسم ملعب نادي مانشستر يونايتد؟","أولد ترافورد","آنفيلد","الاتحاد","غوديسون بارك","سهل",""
"ما اسم ملعب نادي تشيلسي؟","ستامفورد بريدج","كرافن كوتيج","سيلهرست بارك","الإمارات","سهل",""
"مع أي نادٍ إنجليزي تُوّج محمد صلاح بلقب الدوري الإنجليزي الممتاز؟","ليفربول","تشيلسي","مانشستر سيتي","أرسنال","سهل",""
"أي نادٍ إنجليزي يُلقّب بـ«الديوك»؟","توتنهام","تشيلسي","وست هام","إيفرتون","سهل",""
"في أي عام انطلق الدوري الإنجليزي الممتاز بمسمّاه الحالي؟","١٩٩٢","١٩٨٨","١٩٩٥","٢٠٠٠","متوسط",""
"أي نادٍ فاز بالدوري الإنجليزي موسم ٢٠١٥–٢٠١٦ في مفاجأة تاريخية؟","ليستر سيتي","توتنهام","أرسنال","وست هام","متوسط",""
"أي نادٍ فاز بالدوري الإنجليزي دون أي خسارة موسم ٢٠٠٣–٢٠٠٤؟","أرسنال","تشيلسي","مانشستر يونايتد","ليفربول","متوسط",""
"أي نادٍ يملك أكثر ألقاب الدوري الإنجليزي الممتاز منذ ١٩٩٢؟","مانشستر يونايتد","مانشستر سيتي","تشيلسي","ليفربول","متوسط",""
"من الهدّاف التاريخي للدوري الإنجليزي الممتاز؟","آلان شيرر","واين روني","هاري كين","تييري هنري","متوسط",""
"من المدرب الذي قاد مانشستر يونايتد أكثر من ٢٦ عاماً؟","أليكس فيرغسون","ديفيد مويس","جوزيه مورينيو","لويس فان خال","متوسط",""
"من المدرب الذي درّب أرسنال ٢٢ عاماً بين ١٩٩٦ و٢٠١٨؟","آرسين فينغر","جورج غراهام","ميكيل أرتيتا","أوناي إيمري","متوسط",""
"في أي موسم حقق ليفربول أول لقب له في الدوري الإنجليزي الممتاز؟","٢٠١٩–٢٠٢٠","٢٠١٨–٢٠١٩","٢٠٢١–٢٠٢٢","٢٠١٣–٢٠١٤","متوسط",""
"من سجّل هدف التتويج الشهير لمانشستر سيتي في الدقيقة ٩٣ عام ٢٠١٢؟","سيرخيو أغويرو","إدين دجيكو","ماريو بالوتيلي","يايا توريه","متوسط",""
"ما اسم ملعب نادي نيوكاسل يونايتد؟","سانت جيمس بارك","فيلا بارك","غوديسون بارك","إيلاند رود","متوسط",""
"ما الجهة التي استحوذت على نادي نيوكاسل يونايتد عام ٢٠٢١؟","صندوق الاستثمارات العامة","جهاز قطر للاستثمار","مجموعة أبوظبي المتحدة","صندوق مبادلة","متوسط",""
"كم نقطة جمع مانشستر سيتي في موسمه القياسي ٢٠١٧–٢٠١٨؟","١٠٠ نقطة","٩٨ نقطة","٩٥ نقطة","١٠٢ نقطة","صعب",""
"كم هدفاً سجّل هالاند في موسمه الأول بالدوري الإنجليزي ٢٠٢٢–٢٠٢٣؟","٣٦ هدفاً","٣٢ هدفاً","٣٤ هدفاً","٣٨ هدفاً","صعب",""
"من الحارس صاحب أكثر المباريات بشباكٍ نظيفة في الدوري الإنجليزي الممتاز؟","بيتر تشيك","ديفيد دي خيا","إدرسون","ديفيد سيمان","صعب",""
"من الهدّاف التاريخي لنادي مانشستر يونايتد؟","واين روني","بوبي تشارلتون","كريستيانو رونالدو","رايان غيغز","صعب",""
"أي نادٍ إنجليزي يُعرف بـ«السيتيزنز»؟","مانشستر سيتي","ليستر سيتي","نوريتش سيتي","هال سيتي","صعب",""
"أي نادٍ يملك أكثر ألقاب دوري أبطال أوروبا حتى نسخة ٢٠٢٥؟","ريال مدريد","ميلان","بايرن ميونخ","برشلونة","سهل",""
"من الهدّاف التاريخي لدوري أبطال أوروبا؟","كريستيانو رونالدو","ليونيل ميسي","روبرت ليفاندوفسكي","كريم بنزيما","سهل",""
"أي نادٍ فاز بدوري أبطال أوروبا ٢٠٢٥ لأول مرة في تاريخه؟","باريس سان جيرمان","إنتر ميلان","أرسنال","برشلونة","سهل",""
"أي نادٍ عاد من تأخره بثلاثية ليفوز بنهائي إسطنبول ٢٠٠٥؟","ليفربول","ميلان","تشيلسي","يوفنتوس","متوسط",""
"أمام أي نادٍ فاز مانشستر سيتي بلقبه الأول في دوري الأبطال ٢٠٢٣؟","إنتر ميلان","ريال مدريد","بايرن ميونخ","تشيلسي","متوسط",""
"كم مرة متتالية فاز ريال مدريد بدوري الأبطال بين ٢٠١٦ و٢٠١٨؟","ثلاث مرات","مرتين","أربع مرات","خمس مرات","متوسط",""
"كم لقباً في دوري أبطال أوروبا يملك كريستيانو رونالدو؟","خمسة ألقاب","أربعة ألقاب","ستة ألقاب","ثلاثة ألقاب","متوسط",""
"أي نادٍ إنجليزي حقق الثلاثية (الدوري والكأس ودوري الأبطال) عام ١٩٩٩؟","مانشستر يونايتد","ليفربول","أرسنال","تشيلسي","متوسط",""
"أي نادٍ إيطالي يملك سبعة ألقاب في دوري أبطال أوروبا؟","ميلان","إنتر ميلان","يوفنتوس","روما","متوسط",""
"أي نادٍ خسر نهائي دوري الأبطال ٢٠٢٤ أمام ريال مدريد في ويمبلي؟","بوروسيا دورتموند","بايرن ميونخ","إنتر ميلان","مانشستر سيتي","متوسط",""
"من المدرب الذي قاد برشلونة للثلاثية عام ٢٠٠٩؟","بيب غوارديولا","لويس إنريكي","فرانك ريكارد","تشافي هيرنانديز","متوسط",""
"من المدرب الذي قاد بورتو للفوز بدوري الأبطال ٢٠٠٤؟","جوزيه مورينيو","أندريه فيلاش بواش","فيرناندو سانتوس","كارلوس كيروش","صعب",""
"في أي عام تغيّر اسم «كأس أوروبا للأندية» إلى «دوري أبطال أوروبا»؟","١٩٩٢","١٩٨٥","١٩٩٦","٢٠٠٠","صعب",""
"أي نادٍ إيطالي حقق الثلاثية عام ٢٠١٠ بقيادة مورينيو؟","إنتر ميلان","ميلان","يوفنتوس","روما","صعب",""
"بأي نتيجة فاز باريس سان جيرمان على إنتر في نهائي دوري الأبطال ٢٠٢٥؟","٥–٠","٣–٠","٢–١","٤–١","صعب",""
"في أي مدينة فاز تشيلسي بلقبه الأول في دوري الأبطال عام ٢٠١٢؟","ميونخ","لندن","موسكو","مدريد","صعب",""
"ما اسم ملعب نادي ريال مدريد؟","سانتياغو برنابيو","كامب نو","ميتروبوليتانو","ميستايا","سهل",""
"ما اسم ملعب نادي برشلونة؟","كامب نو","سانتياغو برنابيو","ميستايا","سان ماميس","سهل",""
"ماذا تُسمّى مباراة ريال مدريد وبرشلونة؟","الكلاسيكو","الديربي","السوبر","القمة","سهل",""
"كم عدد لاعبي الفريق الواحد داخل الملعب في مباراة كرة القدم؟","١١ لاعباً","١٠ لاعبين","٩ لاعبين","١٢ لاعباً","سهل",""
"ما الركلة التي تُنفَّذ من نقطةٍ تبعد ١١ متراً عن المرمى؟","ركلة الجزاء","الركلة الحرة","ركلة المرمى","الركلة الركنية","سهل",""
"كم دقيقة مدة مباراة كرة القدم الأصلية دون الوقت بدل الضائع؟","٩٠ دقيقة","٨٠ دقيقة","١٠٠ دقيقة","١٢٠ دقيقة","سهل",""
"أي نادٍ إيطالي يُلقّب بـ«السيدة العجوز»؟","يوفنتوس","ميلان","روما","نابولي","سهل",""
"ما اسم ملعب نادي بايرن ميونخ؟","أليانز أرينا","سيغنال إيدونا بارك","الأولمبي","فيلتينز أرينا","متوسط",""
"ما الملعب الذي يتشاركه ناديا ميلان وإنتر؟","سان سيرو","الأولمبيكو","أليانز ستاديوم","دييغو مارادونا","متوسط",""
"كم مرة فاز ليونيل ميسي بالكرة الذهبية؟","ثماني مرات","سبع مرات","خمس مرات","ست مرات","متوسط",""
"في أي مدينة يقع مقر الاتحاد الدولي لكرة القدم «فيفا»؟","زيورخ","جنيف","باريس","لندن","صعب",""
"أي نادٍ ألماني يملك أكثر ألقاب الدوري الألماني؟","بايرن ميونخ","بوروسيا دورتموند","هامبورغ","شالكه","سهل",""
"أي نادٍ هولندي يشتهر بأكاديميته التي خرّجت كرويف وفان باستن؟","أياكس","آيندهوفن","فينورد","ألكمار","صعب",""
"في أي ملعب يُقام نهائي كأس الاتحاد الإنجليزي عادةً؟","ويمبلي","أولد ترافورد","آنفيلد","الإمارات","صعب",""
